Title,Class
INFOGRAFIK: Alasan Pasien COVID-19 Harus Dirawat di Isolasi Terpusat,Covid 19
Anosmia atau Hilangnya Daya Penciuman Pasien COVID-19 dan Cara Penyembuhannya,Covid 19
Belitung umumkan penemuan kasus COVID-19 varian Delta,Covid 19
Misinformasi! WHO temukan vaksin COVID-19 palsu di Indonesia,Covid 19
"HEADLINE: Prediksi Pandemi COVID-19 Jadi Endemi, Bagaimana Strategi ke Depan?",Covid 19
Orang yang tidak percaya COVID-19 punya kecenderungan kurang kritis,Covid 19
Kasus COVID-19 Thailand tembus 1 juta,Covid 19
Jumlah Pasien Covid-19 di RS Darurat Kota Bogor Terus Berkurang,Covid 19
Kemenhub sediakan fasilitas isolasi mandiri di Yogyakarta,Covid 19
"Kota Jambi Perketat PPKM Level 4, Jalanan Disekat-Pelanggar Disanksi",Covid 19
Wiku Ungkap Syarat Warga yang Bisa Disuntik Vaksin Pfizer,Covid 19
Anies Klasifikasikan Warga yang Berhak Disuntik 200.060 Vaksin Moderna,Covid 19
Jokowi Sebut Hingga Akhir Tahun RI Akan Terima 370 Juta Dosis Vaksin,Covid 19
Reisa Broto jawab sejumlah mitos seputar vaksin dan COVID-19,Covid 19
"Alokasi Vaksin Covid-19 di Sulut Bertambah, Ayo Warga Segera Suntik",Covid 19
Penyebab Kasus Covid-19 di Aceh Melonjak Sepekan Terakhir,Covid 19
Honor Pemakaman Covid-19 Dikembalikan ke Kas Daerah Usai Pemkab Jember Koordinasi dengan KPK,Covid 19
Airlangga: Atasi COVID-19 di Sulteng dengan replikasi kampung tangguh,Covid 19
Reisa: Pasien COVID-19 berpotensi terkena Post COVID Syndrome,Covid 19
"Tren positif, kasus sembuh dari COVID-19 di Sumsel tambah 698 orang",Covid 19
Membangkitkan asa anak yatim korban COVID-19 untuk tetap kuliah,Covid 19
Penambahan kasus positif COVID-19 di Gunung Kidul di bawah 100,Covid 19
Jubir Wiku: Semua Vaksin COVID-19 Efektif walau Angka Efektivitasnya Berbeda,Covid 19
Pasien COVID-19 di Purbalingga yang sembuh 15.962 orang,Covid 19
Sekda Jember angkat bicara terkait honor pemakaman COVID-19,Covid 19
US Open wajibkan penonton tunjukkan bukti vaksin COVID-19,Covid 19
Kasus Kematian Akibat COVID-19 di Jawa Barat Lebih Rendah dari Angka Nasional,Covid 19
Ridwan Kamil Sebut Kasus COVID-19 Jawa Barat Sudah Terkendali,Covid 19
532 pasien COVID-19 di Bantul sembuh,Covid 19
Pemkab Pamekasan luncurkan masjid tangguh COVID-19,Covid 19
Pasien COVID-19 di Lebak turun signifikan hingga tersisa 286 orang,Covid 19
Pasien terinfeksi COVID-19 varian delta di Riau 28 orang,Covid 19
Bahu-membahu menangani COVID-19,Covid 19
Perbedaan Gejala DBD dan COVID-19 pada Anak,Covid 19
BPJS Kesehatan dukung vaksinasi COVID-19 untuk Prolanis di Jateng,Covid 19
Nekat jadi Supir Ambulans Pasien COVID-19 Meski Terhalang Restu Ibu,Covid 19
62 penghuni Asrama Tirtorahayu di Kulon Progo terkonfirmasi COVID-19,Covid 19
KBRI Brunei Darussalam Ikut Salurkan Donasi ke Pemerintah Setempat untuk Tangani COVID-19,Covid 19
Panglima puji penanganan COVID-19 di Kabupaten Merauke,Covid 19
Berita Duka: Nasrul Abit Meninggal Dunia Akibat COVID-19,Covid 19
Kemenkeu: Realisasi insentif impor alkes capai Rp799 miliar,Keuangan
Keuangan DKI sangat terpengaruh jika skenario terburuk pandemi terjadi,Keuangan
Sri Mulyani: Semua negara tengah berjuang mulai sehatkan APBN mereka,Keuangan
OJK: Kinerja industri keuangan Sumbar triwulan II tumbuh positif,Keuangan
Pekerja hingga Konsumen Protes Cukai Rokok Bakal Naik 2022,Keuangan
Sri Mulyani: Kapan saja wajib pajak bisa akses layanan pajak via IT,Keuangan
Kinerja Entitas Holding Ultra Mikro Diyakini Kian Moncer Berkat Sinergi Ekosistem,Keuangan
BSI Mobile jadi jendela literasi dan inklusi keuangan syariah,Keuangan
OJK Serahkan Beasiswa bagi Pelajar di Surabaya,Keuangan
"Pemerintah Tawarkan Sukuk Ritel SR015, Minimal Beli Cuma Rp 1 Juta!",Keuangan
Sri Mulyani ungkap 5 kunci keluarkan RI dari jebakan kelas menengah,Keuangan
"3 Fakta Tunggakan BLBI, Dikejar Sampai Anak Cucu",Keuangan
RI Perkuat Digitalisasi Jasa Keuangan : Okezone Economy,Keuangan
5 Fakta Menarik Sri Mulyani Yakin Bisa Bayar Utang Rp6.554 Triliun : Okezone Economy,Keuangan
"Sesuaikan kondisi keuangan, Yogyakarta tunda bahas Raperda BPR Syariah",Keuangan
"OJK: Pelajar perlu dibekali pemahaman keuangan, agar belajar investasi",Keuangan
Menkeu: Keuangan syariah elemen kunci ciptakan stabilitas keuangan,Keuangan
"Sri Mulyani: Satgas maksimalkan pengembalian BLBI Rp110,45 triliun",Keuangan
Sri Mulyani Sebut Keuangan Syariah Bisa Hindari RI dari Krisis : Okezone Economy,Keuangan
Laporan keuangan Kemendikbudristek disusun dengan sistem pengendali,Keuangan
"BI catat modal asing masuk Rp7,6 triliun periode 23-36 Agustus",Keuangan
OJK dan Kominfo Sepakat Perkuat Digitalisasi di Sektor Jasa Keuangan,Keuangan
"Cerita Sri Mulyani Pernah Hidup Pas-pasan, Kini Urusi Keuangan Negara : Okezone Economy",Keuangan
"Aliran Modal Asing Masuk RI Capai Rp7,6 Triliun : Okezone Economy",Keuangan
Perbarui Literasi Keuangan Anak Lewat Cerpen Kecil-Kecil Pandai Menabung,Keuangan
BRI ajak pelaku pasar mitigasi risiko ekonomi lewat Hedging School,Keuangan
"Optimalkan Pengelolaan Keuangan Daerah, Badan Litbang Kemendagri Sosialisasi Pengukuran IPKD",Keuangan
"Sesuaikan kondisi keuangan, Yogyakarta tunda bahas Raperda BPR Syariah",Keuangan
Ada Pertanyaan Penting dari Edwar Untuk Menkeu Sri Mulyani,Keuangan
"Sri Mulyani: 5,29 juta m2 tanah obligor BLBI resmi dikuasai negara",Keuangan
OJK susun panduan manajemen risiko terkait perubahan iklim,Keuangan
5 Inisiatif BI Siapkan Sistem Keuangan Digital : Okezone Economy,Keuangan
Menkeu: Keuangan syariah elemen kunci ciptakan stabilitas keuangan,Keuangan
"Orangtua, Ini Cara Ajarkan Anak Bertanggung Jawab Kelola Keuangan!",Keuangan
Top 3: RUPST Indofood Sukses Makmur Sepakat Tebar Dividen Rp 278 per saham,Keuangan
Stafsus Menkeu sebut PPN multitarif ciptakan keadilan,Keuangan
Sri Mulyani Kisahkan Sejarah Skandal BLBI,Keuangan
Sri Mulyani Pastikan Defisit APBN Bakal Balik Lagi di Bawah 3 Persen,Keuangan
Gambaran Sektor Jasa Keuangan yang Tumbuh Positif dan Stabil hingga Juli 2021,Keuangan
KY minta pemerintah jelaskan hak keuangan dan fasilitas hakim,Keuangan
"Kemarin, peringatan Hari Konstitusi sampai demokrasi di Papua",Politik
Rencana Amandemen UUD 1945 di Tengah Pandemi Disebut Dagelan Politik,Politik
"WNI di Kabul, Afghanistan: Saat Taliban berkuasa, 'Semua turun ke jalan untuk kabur'",Politik
Masyarakat Sayangkan Baliho Tokoh Politik Bertebaran di Jalanan,Politik
"Wacana Pilpres Diundur 2027, Pengamat: Tidak Ada Alasan Logis",Politik
Pengamat soroti optimisme dalam pidato kenegaraan Presiden,Politik
"Profil Politisi Percha Leanpuri, Meninggal Usai Lahirkan Anak Kembar",Politik
"Muhaimin kenalkan ""politik kesejahteraan"" kepada masyarakat Sulsel",Politik
Ketua MPR: Hasil kajian PPHN diharapkan selesai awal tahun 2022,Politik
Wapres AS Kamala Harris Mulai Perjalanan ke Asia Tenggara,Politik
Pengamat: Bung Hatta merupakan politisi bersih dan sederhana,Politik
"Kemarin, JK berbagi pengalaman hingga Presiden tinjau vaksinasi",Politik
"Kemarin, Wapres tinjau penerapan prokes hingga KM Tidar tampung pasien",Politik
Surya Paloh: Elite politik masih tentukan arah perjalanan bangsa,Politik
Pengamat: Elektabilitas Ridwan Kamil di sejumlah survei paling stabil,Politik
Akademisi ingatkan penundaan pemilu timbulkan risiko politik dan hukum,Politik
Menteri Ekonomi Brazil Paulo Guedes: Konflik politik rusak ekonomi,Politik
Presiden Jokowi : Hindari politik sektarian yang halangi persatuan,Politik
Pengamat: Agenda stabilitas ekonomi-politik tergantung kohesi warga,Politik
Dinamika Politik Dalam dan Luar Negeri Dinilai Harus Jadi Momentum Perkuat Nilai Kebangsaan,Politik
"Kisah Sultan Ageng Tirtayasa, Korban Politik Adu Domba Belanda : Okezone Nasional",Politik
"Jokowi Minta Elit Porpol Hindari Politik Sektarian, Ajak Gotong Royong Atasi Masalah Bangsa :...",Politik
MPR RI: Perlu penguatan nilai-nilai kebangsaan hadapi arus perubahan,Politik
Hakim: Pencabutan hak politik Juliari Batubara lindungi masyarakat,Politik
Pro Kontra Bergabungnya PAN dengan Koalisi Pemerintah Jokowi,Politik
Jokowi Berpesan kepada PAN Hindari Politik Sektarian,Politik
Mahfud ingatkan penerima BLBI segera kembalikan utangnya ke negara,Politik
Dinamika profesionalisme TNI dalam ekosistem demokrasi,Politik
Pemaparan Surya Paloh Soal Elite Politik Menarik Disimak,Politik
"Kemarin, Presiden temui ketum parpol sampai isu amendemen",Politik
Mahfud sebut amendemen UUD 1945 kewenangan MPR RI,Politik
"Kemarin, Pemilu Serentak 2024 hingga vaksinasi di perbatasan",Politik
Ganjar Pranowo Mesti Loncat Pagar Jika Ingin Maju di Pilpres 2024,Politik
"Kader Korupsi Tapi Elektabilitas Partai Masih Tinggi, Ini Analisanya",Politik
LIPI: Perlu tingkatkan pelibatan pemda dalam kerja sama internasional,Politik
"Jokowi Undang Elite Parpol Koalisi Pemerintah, 2 Hal Ini yang Dibahas : Okezone Nasional",Politik
"Indikator Politik: Meski Turun, Elektabilitas PDIP Masih Tertinggi",Politik
PKB: Pertemuan pimpinan parpol koalisi beri pesan positif bagi warga,Politik
LIPI apresiasi Diplomasi Vaksin Indonesia,Politik
"PAN Gabung ke Parpol Koalisi Pendukung Jokowi, Adi Prayitno: Tak Heran",Politik
Kemendikbudristek izinkan Universitas Okmin Papua beroperasi,Pendidikan
Mempersiapkan model pembelajaran pada era digitalisasi,Pendidikan
UI luncurkan platform pembelajaran daring Makara UI Academy,Pendidikan
Pemerataan Pendidikan Indonesia lewat Program di Edufund,Pendidikan
"Sekolah Indonesia perlu terapkan ""Green Planning Design""",Pendidikan
Kemendikbudristek luncurkan buku tentang peluang karier industri film,Pendidikan
"Lebih Sejahtera dari Honorer, Ini Sederet Manfaat Jadi Guru PPPK",Pendidikan
"Inspiratif, Perjuangan Anak Tukang Cukur Lulus Taruna Akmil TNI AD",Pendidikan
Perjuangan Putu Pande Hadirkan Lentera Pendidikan di Tengah Pandemi,Pendidikan
Kemendikbudristek : Siswa perlu dibekali dengan kecakapan digital,Pendidikan
Disdik Kota Depok Targetkan 70 Persen Pelajar Divaksinasi Covid-19 hingga Oktober 2021,Pendidikan
BRI beri dana pendidikan ke 68 Paskibraka nasional,Pendidikan
"Ajaran Xi jadi kurikulum, Atdikbud: Tak pengaruhi pelajar Indonesia",Pendidikan
"5 Pebulu Tangkis Indonesia dengan Pendidikan Tinggi, Nomor 1 Peraih Emas Olimpiade Tokyo 2020 : Okezone Sports",Pendidikan
Perempuan Muda Perlu Mendapatkan Akses Pendidikan Tinggi agar Lebih Berdaya,Pendidikan
Kemendikbudristek : 75 persen penerima bantuan UKT mahasiswa PTS,Pendidikan
Disdik Bogor Tetapkan Pembelajaran Tatap Muka Mulai Pekan Depan,Pendidikan
Eks Menteri Pendidikan Malaysia tawarkan konsep ke pemerintahan baru,Pendidikan
Kemendikbudristek ubah stigma disabilitas melalui sekolah inklusif,Pendidikan
Pendidikan gratis disiapkan bagi atlet Indonesia di Paralimpiade Tokyo,Pendidikan
Pembelajaran Tatap Muka di Bekasi Akan Digelar Bulan Depan : Okezone Megapolitan,Pendidikan
"Refocusing APBN tak berdampak pada program prioritas, sebut Nadiem",Pendidikan
"Wali Kota Nyentrik, Tebus Ijazah Siswa yang Ditahan Sekolah",Pendidikan
610 Sekolah di DKI Gelar Pembelajaran Tatap Muka Mulai 30 Agustus,Pendidikan
Menteri Trenggono wisuda 1.210 lulusan pendidikan lingkup KKP,Pendidikan
Pelajar butuh dukungan kesehatan mental selama PJJ,Pendidikan
Mendikbudristek: Asesmen nasional penting diadakan di tengah pandemi,Pendidikan
Jerome Poline Berbagi Keseruan Saat Jadi Volunter Paralimpiade Tokyo 2020,Pendidikan
"Perkuat Prokes di Satuan Pendidikan, Satgas Covid-19 Sekolah Mesti Dibentuk",Pendidikan
Muhaimin: Soal pendidikan akan jadi perhatian serius saya,Pendidikan
"Pemikiran Xi Jinping Masuk Kurikulum China, Anak WNI di Sana Wajib Mempelajarinya?",Pendidikan
"China ajarkan ideologi Xi Jinping di sekolah, mengapa sampai jadi kewajiban?",Pendidikan
P2G minta Mendikbudristek tak paksakan PTM terbatas,Pendidikan
IIEF buka kesempatan beasiswa 130 siswa dari keluarga penerbangan,Pendidikan
Pakar: Metode pembelajaran campuran jadi solusi saat pandemi,Pendidikan
"Ideologi Xi Jinping Jadi Kurikulum, KBRI: Tak Pengaruhi Pelajar RI",Pendidikan
Pendidikan gratis disiapkan bagi atlet Indonesia di Paralimpiade Tokyo,Pendidikan
"Dana Bantuan Pesantren hingga MDT 2021 Rp233 M, Simak Cara Dapatnya",Pendidikan
LBH Jakarta: Dua Pengamen Cipulir Korban Salah Tangkap Lulus Pendidikan Paket A,Pendidikan
"Catat, Dinas Pendidikan Surabaya Tegaskan Tak Ada Kewajiban Wali Murid Beli Seragam Anyar",Pendidikan
SMA/SMK di daerah PPKM Level 1-3 Jawa Timur boleh gelar PTM terbatas,Pendidikan
Pengamat usul tes imunologi sebelum sekolah tatap muka di DKI,Pendidikan
KemenkopUKM-Kemendikburistek sinergi perkuat daya saing UMKM,Pendidikan
Nadiem: Vaksinasi tidak jadi kriteria utama pelaksanaan PTM terbatas,Pendidikan
Menteri Sosial melelang nasi goreng buatannya untuk amal,Sosial
Round up - Penyempurnaan DTKS dan reformasi perlindungan sosial,Sosial
Dinsos DKI dampingi anak-anak korban kebakaran Mampang,Sosial
"Fokus Menyejahterakan Lingkungan dan Masyarakat, Unilever Rilis Kampanye Every U Does Good",Sosial
KSP: Negara selalu hadir beri dukungan untuk panti sosial,Sosial
Bupati Bandung Barat Aa Umbara didakwa atur pengadaan paket bansos,Sosial
"Fitur ""usul"" dan ""sanggah"" dorong ketepatan penyaluran bansos",Sosial
Mentan luncurkan bantuan ATM beras untuk warga terdampak pandemi,Sosial
Pemerintah salurkan BLT desa untuk percepat pemulihan ekonomi,Sosial
"Orang Kaya Masih Dapat Bansos, Kok Bisa?",Sosial
Mensos Risma: Orang Meninggal Bisa Dapat Bansos Melalui Ahli Waris,Sosial
"Dinsos Kota Kendari Melarang Pemberian Uang Kepada Anak Jalanan, Begini Alasannya",Sosial
"Tangani disabilitas mental, Kemensos sinergikan langkah dengan pemda",Sosial
Cek Fakta: Tidak Benar Bupati Sukoharjo Izinkan Penyelenggaraan Hajatan saat PPKM Darurat Level 4,Sosial
Kemensos jajaki kerja sama LKS layani disabilitas mental terjauh,Sosial
PJS nilai perlunya perlindungan penghuni panti disabilitas mental,Sosial
Sentra ATENSI bantu penyandang disabiltas mental untuk lebih produktif,Sosial
Kementerian Sosial jangkau anak yatim piatu dengan program ATENSI Anak,Sosial
Pakar: Generasi muda dapat berperan dalam perhutanan sosial,Sosial
UP berikan beasiswa mahasiswa berprestasi bidang sosial kemasyarakatan,Sosial
Kemensos lindungi dan penuhi hak anak korban kekerasan di masa pandemi,Sosial
Karang Taruna bagikan masker dan vitamin untuk warga miskin,Sosial
KLHK: Perhutanan sosial stategis wujudkan pembangunan adil gender,Sosial
"Kemensos usulkan anggaran Rp3,2 miliar untuk bantu anak yatim piatu",Sosial
Kementerian Sosial sedia 7.900 alat bantu untuk penyandang disabilitas,Sosial
Agung Laksono: Pandemi COVID-19 lahirkan modal sosial baru,Sosial
Komnas HAM sebut praktik pemasungan masalah kultural dan norma sosial,Sosial
"Mensos Risma: 24,7 juta keluarga akan terima Program Sembako pada 2022",Sosial
Ombudsman sebut panti penyandang disabilitas mental perlu standar baku,Sosial
GMNI luncurkan dapur sosial bantu warga terdampak COVID-19,Sosial
Kemensos usul anggaran Rp11 triliun untuk anak yatim piatu pada 2022,Sosial
Pemkot Jakarta Barat memvaksi 62 PMKS panti sosial,Sosial
Pemerhati minta masyarakat perhatikan anak yatim piatu akibat COVID-19,Sosial
Kemensos bantu pekerja disabilitas terkena PHK lewat kelas asistensi,Sosial
Kemensos beri penghargaan kepada aparat penegak hukum pengawal bansos,Sosial
Komisi VIII DPR dukung upaya pemerintah bantu anak yatim piatu,Sosial
Membangkitkan asa anak yatim korban COVID-19 untuk tetap kuliah,Sosial
"Realisasi perhutanan sosial capai 4,7 juta ha sampai Agustus 2021",Sosial
KPK apresiasi vonis terhadap mantan Menteri Sosial Juliari Batubara,Sosial
Gerakan Sosial Teman Kreasi Indonesia Antarkan Smartfren Raih Anugerah Inovasi Indonesia 2021,Sosial
Kemenkumham sampaikan pokok-pokok perubahan revisi UU Paten,Hukum
Taliban Sebut Perempuan Boleh Bekerja Tak Akan Ada Diskriminasi Lagi,Hukum
Kuasa Hukum Sebut Perpanjangan Penahanan Habib Rizieq Langgar Prosedur,Hukum
Penegakan hukum tak diabaikan dalam situasi pandemi,Hukum
Pakar harap pidato presiden tegaskan manfaat hukum bagi masyarakat,Hukum
KKP tetapkan perlindungan bagi 22 Masyarakat Hukum Adat,Hukum
ICW Kecam Kemenkumham Beri Remisi HUT RI ke-76 ke Djoko Tjandra,Hukum
"Bahar bin Smith dan Ryan Jombang Berdamai, Ini Penampakannya",Hukum
"David NOAH Tak Hadir Pemeriksaan, Kuasa Hukum Sebut Belum Dapat Undangan",Hukum
Kuasa hukum Ryan Jombang datangi Bareskrim Polri,Hukum
"David NOAH Mangkir Panggilan Polisi, Ini Alasannya",Hukum
Tersangka kasus Bank Swadesi datangi Bareskrim minta kepastian hukum,Hukum
"Kemarin, kasus Yahya Waloni tetap jalan hingga Satgas BLBI sita aset",Hukum
Pakar hukum menddorong Kejagung seret pihak lain terlibat kasus Asabri,Hukum
Pakar: Perpres 68/2021 upaya pengendalian peraturan oleh presiden,Hukum
Rektor Unib sebut pembekuan BEM Fakultas Hukum sudah dicabut,Hukum
Kuasa hukum Rizieq Shihab berencana mengadu ke Ombusdman,Hukum
Pakar hukum Unsoed apresiasi terbitnya Perpres Nomor 68 Tahun 2021,Hukum
Remaja putri 16 tahun lolos jadi mahasiswa Fakultas Hukum Unpad,Hukum
Pakar Hukum: Syarat persetujuan presiden tidak hambat birokrasi,Hukum
"Mahfud MD Minta Hakim Tegakkan Keadilan, Bukan Cuma Hukum : Okezone Nasional",Hukum
Pengamat sebut BI butuh kerangka hukum untuk mata uang digital,Hukum
"TNI AL Tingkatkan SDM Pengawak Bidang Hukum, Begini Caranya",Hukum
Akademisi menilai dokumen Amdal PLTU Bengkulu cacat hukum,Hukum
Pakar hukum: Pembatalan surat dakwaan kasus Asabri bukan suatu petaka,Hukum
KPK Tak Gentar Hadapi Gugatan Lelang Aset Eks Bupati Lampung Utara : Okezone Nasional,Hukum
Ekosistem kripto berkepastian hukum dorong pertumbuhan transaksi,Hukum
Polri Bakal Buat Rekonstruksi Hukum Terkait Dugaan Penodaan Agama Muhammad Kece : Okezone Nasional,Hukum
Aparat Hukum Diminta Telusuri Heboh Isu Pulau Tambelan Dilelang : Okezone Travel,Hukum
Polri memastikan kasus Yahya Waloni tetap berjalan,Hukum
Mahfud MD: Hakim harus kreatif menegakkan keadilan,Hukum
Jaksa yang Susun Dakwaan 13 Korporasi Jiwasraya Diminta Disanksi,Hukum
Kata Otto Hasibuan soal Proyek Gedung Indonesia 1,Hukum
Pakar Hukum Pidana: Pernyataan Muhammad Kece Memenuhi Unsur Pasal 156 a KUHP,Hukum
Kemenkumham paparkan kompetensi yang harus dimiliki oleh ASN,Hukum
PT Semen Bosowa hadirkan tiga saksi terkait sengketa lahan di Barru,Hukum
"Pertama Kali Tersandung Kasus Hukum, Dinar Candy: Jadi Tahu Siapa yang Peduli Sama Aku : Okezone...",Hukum
TNI AD Proses Hukum 2 Oknum Prajuritnya yang Diduga Aniaya Bocah 13 Tahun,Hukum
Mahfud ingatkan penerima BLBI segera kembalikan utangnya ke negara,Hukum
Gubernur Kepri minta aparat hukum telusuri isu Pulau Tambelan dilelang,Hukum
TNI AD Proses Hukum 2 Oknum Prajurit yang Aniaya Bocah 13 Tahun : Okezone Nasional,Hukum
BPPT lakukan Kaji terap teknologi dukung peningkatan TKDN,Teknologi
Huawei Sediakan Teknologi untuk Membantu Masyarakat dalam Penanganan Covid-19,Teknologi
"Dukung nol emisi pada 2060, PLN pelajari teknologi penyimpanan karbon",Teknologi
"6 Teknologi Zaman Dulu, Bukti Peradaban yang Bikin Generasi Sekarang Tercengang",Teknologi
LIPI: Kuasai teknologi konservasi dan keanekaragaman hayati,Teknologi
"Di Tengah Pandemi, Industri Siber Bantu Pulihkan Ekonomi",Teknologi
Tempatkan sains-teknologi pada posisi strategis,Teknologi
Batan manfaatkan teknologi nuklir perbaiki fungsi lahan,Teknologi
Pertamina kembangkan teknologi pesawat nirawak untuk operasi tambang,Teknologi
"Mengenal Sistem Integrator dari Teknologi IIoT, Ini Keuntungannya",Teknologi
Akademisi: Penggunaan teknologi dukung efisiensi pertanian,Teknologi
Kominfo: Aturan teknis dukung perkembangan teknologi finansial,Teknologi
Mobil listrik Genesis GV60 bisa diisi daya secara nirkabel,Teknologi
BPPT dorong SDM Iptek kuasai teknologi kunci,Teknologi
BPPT fokus kembangkan teknologi mulai dari pertahanan hingga energi,Teknologi
Inovasi mahasiswa UB lahirkan teknologi pembuatan minyak cacing,Teknologi
"Muhammad Kece, di antara medsos dan media ""mainstream""",Teknologi
Menko Airlangga Dorong Basis Pengembangan Teknologi di Masa Depan : Okezone Economy,Teknologi
"Teknologi ""3D Trasar"" tingkatkan efisiensi penggunaan air industri",Teknologi
Puan dorong ASEAN perkuat kerjasama teknologi digital,Teknologi
"Telkomsel Salurkan Kuota Internet Belajar Periode September-November 2021, Ini Besarannya",Teknologi
Menko Airlangga tekankan pentingnya keberlanjutan inovasi teknologi,Teknologi
Teknologi nuklir Batan bantu atasi limbah plastik,Teknologi
"Perkembangan pesat ""cloud"" dorong transformasi digital Indonesia",Teknologi
Rekaman IP Camera Kini Bisa Dilihat dari Jarak Jauh,Teknologi
Kemenperin inisiasi penerapan standardisasi teknologi industri,Teknologi
Raksasa teknologi dukung langkah keamanan siber AS,Teknologi
"Intip Teknologi BPPT, Ada Modifikasi Cuaca hingga Tanda Tangan Digital",Teknologi
Gubernur Papua apresiasi dukungan TIK untuk PON dan Peparnas,Teknologi
"Vietnam sebut Kuba akan pasok vaksin COVID, transfer teknologi",Teknologi
Kementerian BUMN: Ciptakan pemimpin-pemimpin cakap teknologi,Teknologi
Cara Meraih Untung dari Sistem Pembayaran Digital,Teknologi
Empat industri farmasi swasta transfer teknologi vaksin ke Indonesia,Teknologi
"40 Kata-kata Bill Gates, Inspiratif dan Penuh Makna Mendalam",Teknologi
Saham Hong Kong naik karena investor memburu saham teknologi,Teknologi
"Teknologi ""3D Trasar"" tingkatkan efisiensi penggunaan air industri",Teknologi
BRIN realisasikan hampir setengah pagu anggaran riset dan inovasi,Teknologi
Indeks bursa Hong Kong naik didukung saham teknologi dan kesehatan,Teknologi
BPPTKG sebut kubah lava sisi barat daya Gunung Merapi bertambah tinggi,Teknologi
Mendikbudristek lantik Ojat Darojat sebagai Rektor Universitas Terbuka,Teknologi
Nadiem lantik Suharti menjadi Sesjen Kemendikbudristek,Teknologi
Sepuluh judul drama dan film Korea untuk hiburan Anda saat ini,Hiburan
Proyektor nirkabel mini buat hiburan lebih maksimal di rumah,Hiburan
"6 Potret Bintang FTV Maudy Effrosina, Disebut Mirip Selena Gomez",Hiburan
Aktris Senior Kim Min Kyung Meninggal Dunia di Usia 60 Tahun,Hiburan
Panggung musik meriahkan HUT Kemerdekaan RI di Beijing,Hiburan
"Aldi Taher Bikin Heboh Lewat Rujak Song, Netizen: Enggak Takut Dilabrak Bang?",Hiburan
"Singapura punya Museum of Ice Cream, hiburan manis di tengah pandemi",Hiburan
36 Kata-Kata Nasihat dan Hiburan saat Stres Melanda,Hiburan
"Rilis Lagu Kita Bersama, Cinta Wirawan Bantu Pekerja Dunia Hiburan",Hiburan
Lesti & Rizky Billar kisahkan takdir pertemuan mereka lewat lagu baru,Hiburan
Menjajal Keseruan Berinteraksi sambil Mendengarkan Musik,Hiburan
"2 Tahun Mengganggur, Pekerja Seni di Tuban Minta Kelonggaran Pentas",Hiburan
"30 Tebak-Tebakan Receh Tapi Lucu, Kocak Tapi Bikin Tepuk Jidat",Hiburan
Satgas COVID-19 Tulungagung bubarkan hiburan wayangan anggota dewan,Hiburan
Nama aktris miliarder China Zhao Wei hilang dari peredaran,Hiburan
"Dinikahi Pengusaha Tajir Melintir, 8 Potret Kabar Terbaru Revalina S Temat Usai Menghilang Dari...",Hiburan
Wow! Jackie Chan dan Joe Taslim Turut Meriahkan Promo Shopee 9.9 Super Shopping Day : Okezone Lifestyle,Hiburan
"Isu Keretakan Pernikahan Olla Ramlan, Alasan Dita Fakhrani Gugat Cerai",Hiburan
Aktor China dilarang tampil setelah foto di kuil Yasukuni Jepang,Hiburan
"Home Projector Entertainment dan EpiqVision Lifestyle Projector, Hiburan Rumah Masa Depan",Hiburan
Cek Fakta: Tidak Benar Bupati Sukoharjo Izinkan Penyelenggaraan Hajatan saat PPKM Darurat Level 4,Hiburan
"Pesona Teluk Obhur, Destinasi Wisata Terpopuler saat Liburan Musim Panas : Okezone Travel",Hiburan
Anak-Anak Belum Divaksinasi COVID-19 Dilarang Masuk Tempat Wisata dan Hiburan di Semarang : Okezone Travel,Hiburan
"Lagi PPKM, Anggota Dewan Malah Adakan Hiburan Wayangan",Hiburan
Pixel 6 diproduksi di China lalu kelanjutan gugatan Scarlett Johansson,Hiburan
"Drummer Rolling Stones Meninggal, Elton John hingga Paul McCartney Berduka : Okezone Celebrity",Hiburan
Glory Satya Ungkap Ketertarikan pada Dunia Akting : Okezone Celebrity,Hiburan
"Ikuti Pesta Rakyat Simpedes 2021, Ada Talkshow UMKM hingga Penampilan Ungu Band",Hiburan
"Pakai Gaun Merah Super Terbuka, Oh In Hye Dianggap Terlalu Seksi : Okezone Lifestyle",Hiburan
Ada yang Baru dari Genflix,Hiburan
"Warisi Wajah Mama, Ini 5 Potret Aiska Vairana Putri Ersa Mayori yang Beranjak Dewasa",Hiburan
Tim catur Lampung gelar uji coba melawan Sumsel jelang PON XX Papua,Hiburan
Pose Cantik Cita Citata hingga Pesona Anggun Chef Renatta,Hiburan
"Sambut Gembira BRI Liga 1, Ridwan Kamil Ungkap Harapannya untuk Persib",Hiburan
"10 Tahun Berkarier, Intip Pesona Amanda Salma Pemain Sinetron Badai Pasti Berlalu",Hiburan
Karaoke Tempat Mabuk Anggota Satpol PP Surabaya Akan Ditutup Paksa,Hiburan
"Imbas Skandal Gaslighting, Lucas WayV Umumkan Vakum dari Dunia Hiburan : Okezone Celebrity",Hiburan
"Kata sutradara dan aktor Jung Hae-in soal serial ""D.P."" di Netflix",Hiburan
"Museum Es Krim Jadi Hiburan Baru di Masa Pandemi, Yuk Intip Keunikannya : Okezone Travel",Hiburan
Aktris Hospital Playlist Ahn Eun Jin Gabung dengan Agensi Song Hye Kyo : Okezone Celebrity,Hiburan
"14 Manfaat Skipping untuk Kesehatan, Bisa Bakar Kalori",Olahraga
"Ancol Dibuka Khusus untuk Olahraga, Intip Syarat-syaratnya",Olahraga
Perlukah minuman energi saat olahraga,Olahraga
"Esport siap dipertandingkan pada PON Papua, platform Garudaku dirilis",Olahraga
Misi Kembangkan Talenta Muda dan Dongkrak Citra Positif Esports,Olahraga
Menpora Amali Tegaskan DBON untuk Pabrik Prestasi Olahraga Jangka Panjang,Olahraga
9 Tips Memakai Skincare Saat Olahraga Agar Kesehatan Kulit Tetap Terjaga,Olahraga
"Kontingen ""gendut"" Cabor Dayung Sumbar menuju Papua",Olahraga
Giliran rombongan CdM dan para-atletik berangkat ke Paralimpiade Tokyo,Olahraga
7 Cara Diet yang Benar untuk Menurunkan Berat Badan,Olahraga
Ridwan Kamil targetkan Jabar juara umum PON Papua,Olahraga
Lionel Messi Tinggalkan Piala Penghargaan Ini di Loker Barcelona,Olahraga
Kirab obor Paralimpiade dimulai di Tokyo,Olahraga
Marciano Norman sebut arena PON Papua siap digunakan,Olahraga
Ketum KONI Pusat yakin PON Papua akan sesukses Olimpiade Tokyo,Olahraga
Dispora-Persebaya inventarisasi aset Wisma Karanggayam Surabaya,Olahraga
Disorda Papua terima hibah peralatan pertandingan dari Kemenpora,Olahraga
Link Live Streaming Laga Uji Coba Voli PON XX Papua di Vidio Pekan Ini,Olahraga
"(Round up) Kejutan dari Saptoyoga, Indonesia kantongi dua medali",Olahraga
"Panwasrah dorong bimtek dan ""test event"" untuk bina SDM Papua",Olahraga
DPRD Sumbar akan panggil KONI terkait keberangkatan ke PON Papua,Olahraga
"Wulan Guritno Olahraga Pakai Bra Hitam, Body Singset Bikin Melongo! : Okezone Celebrity",Olahraga
10 Manfaat Olahraga Lompat Tali untuk Kesehatan : Okezone Sports,Olahraga
DKI batasi peserta olahraga ruang terbuka maksimal empat orang,Olahraga
Menpora apresiasi perhatian swasta terhadap olahraga Indonesia,Olahraga
5 Anak Artis yang Berprestasi di Dunia Olahraga : Okezone Sports,Olahraga
"Sedang Berlangsung, Para Atletik 28 Agustus 2021 Paralimpiade Tokyo 2020 : Ada Tim Indonesia di Vidio",Olahraga
MPL Ajak Penggemar Olahraga Nikmati Keseruan Pertandingan Melalui MPL Fantasy,Olahraga
"Bikin Gaya Yoga Sekece Selebriti, Siapkan 5 Items Penting Ini",Olahraga
"PON XX Papua 2021, Panglima TNI, Kapolri dan Menpora Tinjau Kesiapan Stadion dan Arena Akuatik : Okezone Sports",Olahraga
Satgas: Penyintas Covid-19 Harus Pertahankan Gaya Hidup Sehat : Okezone Nasional,Olahraga
Kapolri pastikan persiapan pelaksanaan PON XX Papua sudah maksimal,Olahraga
Aktif dan Produktif di Rumah Aja dengan Alat Olahraga Berikut ini : Okezone Lifestyle,Olahraga
Menpora Amali: Masyarakat yang Ingin Nonton PON Harus Sudah Divaksin,Olahraga
Menikmati Keseruan Pertandingan Olahraga di MPL Fantasy,Olahraga
Garut Gandeng TNI AU Kembangkan Wisata Olahraga Dirgantara : Okezone Travel,Olahraga
Atlet Paralimpiade Chile jadi model boneka Barbie,Olahraga
"Berwisata di Pantai Maju, Berolahraga Sambil Menikmati Teluk Jakarta : Okezone Travel",Olahraga
Daftar 22 Cabang Olahraga yang Akan Dipertandingkan di Paralimpiade Tokyo 2020 (1),Olahraga
Penantang Avanza Jadi Mobil Terlaris Juli 2021,Otomotif
Pengamat: Potensi SDM otomotif Indonesia sangat besar,Otomotif
Produk otomotif Indonesia kini bebas bea masuk ke Filipina,Otomotif
Pengamat: UMKM perlu didorong masuk ke rantai pasok otomotif,Otomotif
"Dapat Pembebasan Bea Masuk, Produk Otomotif dari Indonesia Siap Gempur Filipina",Otomotif
"Dua Mobil Keren Hadir di Indonesia, dan Fitur Canggih Nissan Leaf",Otomotif
"Sempat Vakum, Jaguar Land Rover Kembali Hadir di Indonesia",Otomotif
"Insentif PPnBM DTP sebagai ""game changer"" industri otomotif",Otomotif
Mesin Mobil Cepat Panas? Kenali 4 Penyebab dan Cara Mengatasinya,Otomotif
"Bermitra dengan Indomobil Group, Jaguar Land Rover Berbisnis Lagi di Indonesia",Otomotif
Keuntungan Diskon PPnBM yang Sudah Dirasakan Industri Otomotif Indonesia,Otomotif
Mitsubishi Buka Suara soal Inden Xpander,Otomotif
Tes pramusim MotoGP di Mandalika kehormatan besar untuk Indonesia,Otomotif
Komunitas Otomotif: BBM RON tinggi lebih ekonomis,Otomotif
"Renault Kiger mengaspal di Indonesia, mulai Rp275 jutaan",Otomotif
"Rival Toyota Raize, dan 7 Moge Mengaspal di Jakarta",Otomotif
Toyota perkuat SDM industri otomotif lewat sekolah vokasi TIA,Otomotif
"Pelat Nomor Berubah Warna 2022, Siapa Aja yang Akan Didahulukan? : Okezone Otomotif",Otomotif
"Cristiano Ronaldo Punya Selera Otomotif yang Tinggi, Simak Koleksi Mobilnya",Otomotif
Kacoa Masuk dalam Mobil? Ini 7 Cara Sederhana Mengusirnya : Okezone Otomotif,Otomotif
Alarm Mobil Sering Berbunyi Sendiri? Kenali 5 Penyebabnya : Okezone Otomotif,Otomotif
6 Cara Menghilangkan Bau Tak Sedap pada Karpet Mobil : Okezone Otomotif,Otomotif
"Perkuat Bisnis Otomotif di Indonesia, DFSK Gelontorkan Investasi Rp 2,1 Triliun",Otomotif
Tujuh Moge Keren Mengaspal di Jakarta Hari Ini,Otomotif
40 Persen Mobil di Indonesia Berasal dari Pabrik Ini,Otomotif
PPnBM DTP 100 Persen Layak Dilanjut | Samarinda Pos,Otomotif
Ikhtiar ATPM Otomotif Bantu Pemerintah dalam Penanganan Covid-19,Otomotif
Toyota Indonesia Siapkan Produk Baru,Otomotif
"Dibanderol Rp350 Jutaan, Apa Sih Keunggulan Almaz RS EX? : Okezone Otomotif",Otomotif
"Intip Gaya Nikita Mirzani Tunggangi Moge Ratusan Juta, Netizen: Sadis Euy! : Okezone Otomotif",Otomotif
4 Fitur Hyundai Staria yang Jarang Ada di Mobil Biasa,Otomotif
"Jadwal SIM Keliling Jakarta, Depok, Bandung 28 Agustus 2021",Otomotif
Top 3 Berita Hari Ini: Recall Diam-Diam Suzuki Jimny dan Oli Mesin Cepat Berkurang,Otomotif
Kenali 5 Penyebab Mesin Mobil Bersuara Kasar : Okezone Otomotif,Otomotif
Ekosistem Penting di Dunia Otomotif Jadi Perhatian MMC,Otomotif
Sultan Warna Baju Harus Matching dengan Kendaraan : Okezone Otomotif,Otomotif
8 Tips Merawat Motor Sport Model Fairing : Okezone Otomotif,Otomotif
Catat! 5 Mobil Ini Diprediksi Tutup Usia pada 2022 : Okezone Otomotif,Otomotif
"Balapan di Prancis, Sean Gelael Pakai Helm Bertuliskan Ayat Suci Alquran : Okezone Otomotif",Otomotif
Menperin usulkan perpanjangan relaksasi PPnBM otomotif 100 persen,Otomotif
Chef Arnold ungkap kunci kesuksesan di industri kuliner,Kuliner
Rekomendasi Kuliner Nusantara Penggugah Selera,Kuliner
Motivator Merry Riana terjun ke bisnis kuliner,Kuliner
Intip Kreasi Kuliner ala Chef Arnold dan Kaesang Pangarep,Kuliner
Galada Manjakan Pencinta Kuliner Rempah Indonesia,Kuliner
Sandiaga Uno Optimistis Sektor Kuliner hingga Fesyen Mampu Ekspansi di Era Pandemi,Kuliner
"Sosok Zikri Daulay, Pengusaha Kuliner hingga Skin Care",Kuliner
5 Kuliner di Pasar Beringharjo yang Bikin Ngiler dan Sayang Dilewatkan,Kuliner
"6 Resep Ayam Teriyaki yang Enak dan Lezat, Mudah Dibuat",Kuliner
"Singapura punya Museum of Ice Cream, hiburan manis di tengah pandemi",Kuliner
Inilah Manfaat Mengonsumsi Kaldu dari Daging dan Tulang Sapi,Kuliner
5 Minuman Tradisional ini Hadir dengan Rasa dan Kemasan Milenial Lho!,Kuliner
"Apresiasi Festival Kuliner Aceh 2021, Sandiaga: Event Ini Bangkitkan Peluang Usaha : Okezone Travel",Kuliner
Mengenal kuliner Nusa Tenggara Timur,Kuliner
Sajian Kuliner yang Selalu Bikin Kangen Semarang : Okezone News,Kuliner
"Kemarin, festival kuliner Aceh Food Apps hingga perkiraan inflasi",Kuliner
Usai Vaksinasi Tetap Jaga Asupan Gizi dengan Kuliner Olahan DiIndonesiaAja : Okezone News,Kuliner
Sandiaga apresiasi festival kuliner Aceh Food Apps,Kuliner
"Mantan pegawai ini buka 5 cabang kue pancong, berdayakan anak yatim",Kuliner
Lima makanan sehat khas Vietnam tingkatkan imunitas,Kuliner
"UMKM kuliner punya kesempatan emas untuk ""go digital""",Kuliner
Resep Choi Pan atau Chai Kue khas Pontianak,Kuliner
IKEA Food hadirkan menu makanan berbasis tumbuhan,Kuliner
"Kemarin, festival kuliner Aceh Food Apps hingga perkiraan inflasi",Kuliner
"Usung Tagline Mentai Enak Ga Harus Mahal, Menu Sedap Hello Rice Kitchen Wajib Dikenal",Kuliner
"Kemenkop-UKM, Baznas, dan Pemprov DIY beri bantuan modal usaha mikro",Kuliner
"Promosi Produk Pangan di Indonesia, Uni Eropa Sebut Tak Akan Saingi Makanan Indonesia",Kuliner
"UMKM kuliner punya kesempatan emas untuk ""go digital""",Kuliner
10 Bisnis Makanan Kekinian : Okezone Economy,Kuliner
"Viral Video Pria Wisata Kuliner di Kereta, Warganet Penasaran Harganya",Kuliner
"Berbekal Sukses Hadapi Si Kecil yang Picky Eater, Jadi Inspirasi Usaha Masakan Rumahan EOMMA",Kuliner
Ibu Negara inginkan rendang dicintai dunia dan diakui UNESCO,Kuliner
Seni dan kuliner Indonesia warnai Pesta Rakyat KBRI Stockholm,Kuliner
Resep Talam Ebi khas Pontianak yang Lezat,Kuliner
"Eksis Sejak 2014, Bakul Babi Sukses Gebrak Tren Frozen Food dengan Aneka Olahan Lezat",Kuliner
"Lewat KONTAG, GoTo Financial Bantu UMKM Non-Kuliner Tingkatkan Peluang Bisnis",Kuliner
Viral Netizen Rela Antre Sebulan untuk Makan di Warung Seafood,Kuliner
"Tak hanya Enak, 3 Manfaat Tak Terduga dari Croffle Membuat Hidup Lebih Bahagia",Kuliner
Sandiaga Ingin Populerkan 5 Kuliner Andalan Nusantara ke Penjuru Dunia,Kuliner
Kreasi Resep Colenak Lunch Box Cake,Kuliner
11 Cara Memulai Bisnis Laundry Sepatu,Bisnis
"Punya Banyak Bisnis, Ini 6 Sumber Penghasilan Artis Alvin Faiz",Bisnis
BJBR nilai digitalisasi bantu perseroan bertumbuh di tengah pandemi,Bisnis
Kemenperin bikin inkubator bisnis cetak IKM fesyen dan kriya tangguh,Bisnis
BSI gelar inkubator bisnis ISDP untuk kembangkan UMKM,Bisnis
"Jasa Logistik Jadi Bisnis Menjanjikan Selama Pandemi Covid-19, Minat?",Bisnis
Kisah pemilik kafe di Bandung selamatkan pegawai lewat bisnis jahe,Bisnis
Kisah pilot banting setir jadi penjual ikan beromset miliaran rupiah,Bisnis
Yayasan Az Zikra Gugat Bisnis Madu Peninggalan Ustaz Arifin Ilham,Bisnis
Bisnis MICE akan peroleh bantuan insentif pemerintah dan dana hibah,Bisnis
9 Bisnis Teraneh di Dunia : Okezone Economy,Bisnis
"Jurgen Klopp Sindir Transfer Cristiano Ronaldo ke Manchester United, Kenapa? : Okezone Bola",Bisnis
Jurus Emiten Pengelola Bus Lorena Hadapi Pandemi COVID-19,Bisnis
Kiat UMKM manfaatkan platform TikTok promosikan produknya,Bisnis
10 Pemanfaatan Lahan Kosong untuk Bisnis Menguntungkan,Bisnis
Industri sawit RI berpeluang tambah nilai manfaatkan transisi iklim,Bisnis
AirAsia Banting Setir Bangun Bisnis Ojol dan Taksi Online : Okezone Economy,Bisnis
30 Peluang Usaha di Desa : Okezone Economy,Bisnis
"3 Tujuan Komunikasi Bisnis, Pengertian, dan Jenis-Jenisnya",Bisnis
"Diary Fimela: Selalu Optimis, Inilah 5 Kunci Sukses Ny. Swan Founder Dapur Solo dalam Mengembangkan Bisnis",Bisnis
Presiden Jokowi paparkan 3 strategi besar ekonomi dan bisnis Indonesia,Bisnis
"Bisnis Pengelolaan Properti, SMRA Andalkan Wilayah Kelapa Gading : Okezone Economy",Bisnis
"Selandia Baru longgarkan ""lockdown"" nasional, kecuali untuk Auckland",Bisnis
Warung Pintar rilis fitur cicilan untuk pedagang,Bisnis
"Resmi! AirAsia Mengaspal Bikin Ojol dan Taksi Online, Pesaing Baru Gojek-Grab : Okezone Economy",Bisnis
BRI perkuat ekosistem bisnis pertanian berkelanjutan,Bisnis
Blibli kuatkan bisnis UMKM ramah muslim dengan penyelia halal,Bisnis
Perbaikan bangunan bisa dilakukan via aplikasi,Bisnis
Sandiaga dorong mahasiswa UI ciptakan bisnis UMKM yang terdigitalisasi,Bisnis
Polisi sebut motif bisnis pengawalan truk di balik teror lempar batu,Bisnis
"3 Strategi Besar Bisnis Negara, Jokowi: Hilirisasi, Digitalisasi UMKM dan Ekonomi Hijau : Okezone...",Bisnis
"Banting Setir Bisnis Kuliner, Begini Kabar Terbaru Hudson IMB yang Banjir Pujian",Bisnis
"Diary Fimela: Bisnis Ekspor Buah, Swasti Adicita Perkenalkan Buah Tropis Asal Indonesia ke Mancanegara",Bisnis
PT Pertani garap potensi bisnis limbah sekam senilai Rp504 miliar,Bisnis
"Tambah Cakupan Pelayanan, iDexpress Ingin Bantu Kembangkan UMKM",Bisnis
Airlangga di Forum Bisnis US-ASEAN Tekankan Kolaborasi Kunci Pemulihan,Bisnis
Ingin Kembangkan Bisnis ke Pasar Global? Simak Tips dan Triknya,Bisnis
"Jangan Patah Semangat Bisnis Akuakultur, Bisa Coba Cara Ini",Bisnis
Survei Mengungkapkan 72 Persen Generasi Z dan Millenial di Asia Pasifik Bercita-cita Menjadi...,Bisnis
Membantu Laju UMKM Lewat Konsultasi Bisnis Daring,Bisnis
